{"cameraMode":{"drawMode":0,"name":"Shaded","section":"Shading Mode"},"sceneLighting":false,"audioPlay":false,"sceneViewState":{"showFog":true,"showMaterialUpdate":false,"showSkybox":true,"showFlares":true,"showImageEffects":true,"showParticleSystems":true},"in2DMode":false,"pivot":{"x":1.0750000476837159,"y":0.36899998784065249,"z":0.5899999737739563},"rotation":{"x":-0.0492338128387928,"y":-0.09961076825857163,"z":0.004934743978083134,"w":-0.9937954545021057},"size":22.0,"orthographic":false}