{"cameraMode":{"drawMode":0,"name":"Shaded","section":"Shading Mode"},"sceneLighting":false,"audioPlay":false,"sceneViewState":{"showFog":true,"showMaterialUpdate":false,"showSkybox":true,"showFlares":true,"showImageEffects":true,"showParticleSystems":true},"in2DMode":false,"pivot":{"x":-0.44167718291282656,"y":0.6001154780387878,"z":0.03816413879394531},"rotation":{"x":-0.1241752877831459,"y":0.008038198575377465,"z":-0.0010060572531074286,"w":-0.9922272562980652},"size":1.3159875869750977,"orthographic":false}