{"cameraMode":{"drawMode":0,"name":"Shaded","section":"Shading Mode"},"sceneLighting":true,"audioPlay":false,"sceneViewState":{"showFog":true,"showMaterialUpdate":false,"showSkybox":true,"showFlares":true,"showImageEffects":true,"showParticleSystems":true},"in2DMode":false,"pivot":{"x":-3.0309817790985109,"y":-0.3409156799316406,"z":4.887458801269531},"rotation":{"x":0.20757071673870088,"y":-0.09023972600698471,"z":0.01923392340540886,"w":0.9738589525222778},"size":15.379434585571289,"orthographic":false}